issn,year,anti_labor,neutral,pro_labor,total_labor,anti_labor_intensity,railroad_interest,has_editor,has_publisher,state,year_str,political_affiliation_raw,republican,person_republican,pop_1870,pop_1880,pop_1890,county_pop,log_county_pop
0034-5075,1871,0,0,2,2,0.0,1,1,1,MAINE,1871,Democratic,0.0,0.0,34522.0,32463.0,27759.0,34316.1,10.443369910781161
0034-5075,1872,1,0,1,2,0.5,1,1,1,MAINE,1872,Democratic,0.0,0.0,34522.0,32463.0,27759.0,34110.2,10.437351738778673
0034-5075,1873,0,1,0,1,0.0,1,1,1,MAINE,1873,Democratic,0.0,0.0,34522.0,32463.0,27759.0,33904.3,10.431297128982383
0034-5075,1877,11,2,1,14,0.7857142857142857,1,1,1,MAINE,1877,Democratic,0.0,0.0,34522.0,32463.0,27759.0,33080.7,10.40670530973599
0034-5075,1879,0,1,3,4,0.0,1,1,1,MAINE,1879,Democratic,0.0,0.0,34522.0,32463.0,27759.0,32668.9,10.394178833994598
1941-0646,1869,43,65,60,168,0.25595238095238093,0,1,0,NEW YORK,1869,Independent,,1.0,942292.0,1206299.0,1515301.0,942292.0,13.756070484293586
1941-0646,1871,36,32,35,103,0.34951456310679613,0,1,0,NEW YORK,1871,Independent,,1.0,942292.0,1206299.0,1515301.0,968692.7,13.783702709513262
1941-0646,1873,47,36,36,119,0.3949579831932773,1,1,0,NEW YORK,1873,Independent,,1.0,942292.0,1206299.0,1515301.0,1021494.1,13.836776917403261
1941-0646,1876,20,14,15,49,0.40816326530612246,1,1,0,NEW YORK,1876,Independent,,1.0,942292.0,1206299.0,1515301.0,1100696.2,13.911453446657019
1941-0646,1877,133,56,57,246,0.540650406504065,1,1,0,NEW YORK,1877,Independent,,1.0,942292.0,1206299.0,1515301.0,1127096.9,13.935155769804952
1941-0646,1878,60,42,70,172,0.3488372093023256,1,1,0,NEW YORK,1878,Independent,,1.0,942292.0,1206299.0,1515301.0,1153497.6,13.958309275969594
1941-0646,1879,28,27,22,77,0.36363636363636365,1,1,0,NEW YORK,1879,Independent,,1.0,942292.0,1206299.0,1515301.0,1179898.3,13.980938806286904
1941-0646,1880,36,54,53,143,0.2517482517482518,1,1,0,NEW YORK,1880,Independent,,1.0,942292.0,1206299.0,1515301.0,1206299.0,14.003067552571949
1941-0646,1882,112,113,37,262,0.42748091603053434,1,1,0,NEW YORK,1882,Independent,,1.0,942292.0,1206299.0,1515301.0,1268099.4,14.053029802074073
1941-0646,1883,95,150,73,318,0.29874213836477986,1,1,0,NEW YORK,1883,Independent,,1.0,942292.0,1206299.0,1515301.0,1298999.6,14.077104987723512
1941-0646,1884,52,79,55,186,0.27956989247311825,1,1,0,NEW YORK,1884,Republican,1.0,1.0,942292.0,1206299.0,1515301.0,1329899.8,14.100614159013997
1941-0646,1885,149,102,48,299,0.4983277591973244,1,1,0,NEW YORK,1885,Republican,1.0,1.0,942292.0,1206299.0,1515301.0,1360800.0,14.123583320063789
1941-0646,1890,219,204,80,503,0.43538767395626243,1,0,1,NEW YORK,1890,Republican,1.0,1.0,942292.0,1206299.0,1515301.0,1515301.0,14.231124657059363
1943-8990,1878,20,19,38,77,0.2597402597402597,0,1,1,,1878,,,1.0,23085.0,45890.0,139796.0,41329.0,10.629319711713425
1943-8990,1879,23,24,24,71,0.323943661971831,0,1,1,,1879,,,1.0,23085.0,45890.0,139796.0,43609.5,10.683030295510823
1943-8990,1880,23,30,12,65,0.35384615384615387,0,1,1,,1880,,,1.0,23085.0,45890.0,139796.0,45890.0,10.73400250738888
1943-8990,1882,46,60,35,141,0.3262411347517731,0,1,1,,1882,,,1.0,23085.0,45890.0,139796.0,64671.2,11.077071250013033
1943-8990,1883,66,78,42,186,0.3548387096774194,0,1,1,,1883,,,1.0,23085.0,45890.0,139796.0,74061.8,11.21265515879013
1943-8990,1884,0,1,2,3,0.0,0,1,1,,1884,,,1.0,23085.0,45890.0,139796.0,83452.4,11.332031688412798
1946-6080,1890,70,78,33,181,0.3867403314917127,1,1,0,TEXAS,1890,Democratic,0.0,,5788.0,24671.0,41142.0,41142.0,10.624784776512419
1946-6153,1869,3,13,2,18,0.16666666666666666,1,1,1,VIRGINIA,1869,Independent,,,16755.0,17546.0,18597.0,16755.0,9.726452000171411
1946-6153,1871,7,11,10,28,0.25,1,1,1,VIRGINIA,1871,Independent,,,16755.0,17546.0,18597.0,16834.1,9.731161870112675
1946-6153,1872,16,20,8,44,0.36363636363636365,1,1,1,VIRGINIA,1872,Independent,,,16755.0,17546.0,18597.0,16913.2,9.735849661127325
1946-6153,1873,12,17,2,31,0.3870967741935484,1,1,1,VIRGINIA,1873,Independent,,,16755.0,17546.0,18597.0,16992.3,9.740515579253042
1946-6153,1876,6,3,0,9,0.6666666666666666,1,1,1,VIRGINIA,1876,Independent,,,16755.0,17546.0,18597.0,17229.6,9.754384113930383
1946-6153,1877,61,22,17,100,0.61,1,1,1,VIRGINIA,1877,Independent,,,16755.0,17546.0,18597.0,17308.7,9.758964544252395
1946-6153,1878,6,14,6,26,0.23076923076923078,1,1,1,VIRGINIA,1878,Independent,,,16755.0,17546.0,18597.0,17387.8,9.763524089857118
1946-6153,1879,1,3,3,7,0.14285714285714285,1,1,1,VIRGINIA,1879,Independent,,,16755.0,17546.0,18597.0,17466.9,9.768062940330422
1946-6153,1880,3,4,0,7,0.42857142857142855,1,0,1,VIRGINIA,1880,Independent,,,16755.0,17546.0,18597.0,17546.0,9.772581282688328
1946-6153,1882,6,6,3,15,0.4,1,1,1,VIRGINIA,1882,Independent,,,16755.0,17546.0,18597.0,17756.2,9.784490029688643
1946-6153,1883,2,3,1,6,0.3333333333333333,1,1,1,VIRGINIA,1883,Independent,,,16755.0,17546.0,18597.0,17861.3,9.79039164013541
1946-6153,1884,5,9,25,39,0.1282051282051282,1,1,1,VIRGINIA,1884,Independent,,,16755.0,17546.0,18597.0,17966.4,9.796258625818274
1946-6153,1885,7,15,8,30,0.23333333333333334,1,1,1,VIRGINIA,1885,Independent,,,16755.0,17546.0,18597.0,18071.5,9.802091390655757
2151-3899,1890,67,84,19,170,0.3941176470588235,1,1,0,CALIFORNIA,1890,Republican,1.0,1.0,26830.0,34390.0,40339.0,40339.0,10.605074021909918
2157-3425,1885,28,6,19,53,0.5283018867924528,1,1,0,,1885,,,,18337.0,31977.0,58457.0,45217.0,10.719228401304807
2158-2688,1880,10,13,17,40,0.25,1,1,1,PENNSYLVANIA,1880,Democratic,0.0,0.0,121340.0,139447.0,149095.0,139447.0,11.845439879737098
2158-2688,1882,19,27,24,70,0.2714285714285714,1,1,1,PENNSYLVANIA,1882,Democratic,0.0,0.0,121340.0,139447.0,149095.0,141376.6,11.859182530772594
2158-2688,1883,26,28,9,63,0.4126984126984127,1,1,1,PENNSYLVANIA,1883,Democratic,0.0,0.0,121340.0,139447.0,149095.0,142341.4,11.865983676409783
2158-2688,1884,6,11,10,27,0.2222222222222222,1,1,1,PENNSYLVANIA,1884,Democratic,0.0,0.0,121340.0,139447.0,149095.0,143306.2,11.872738878756108
2158-2688,1885,0,1,0,1,0.0,1,1,1,PENNSYLVANIA,1885,Democratic,0.0,0.0,121340.0,139447.0,149095.0,144271.0,11.879448754363775
2158-2793,1871,0,0,1,1,0.0,0,1,1,OHIO,1871,Democratic,0.0,0.0,52508.0,64031.0,84170.0,53660.3,10.890428714720603
2158-2793,1873,1,1,4,6,0.16666666666666666,0,1,1,OHIO,1873,Democratic,0.0,0.0,52508.0,64031.0,84170.0,55964.9,10.932479987490716
2158-2793,1876,3,1,5,9,0.3333333333333333,0,1,1,OHIO,1876,Democratic,0.0,0.0,52508.0,64031.0,84170.0,59421.8,10.992416441388476
2158-2793,1877,19,5,29,53,0.3584905660377358,0,1,1,OHIO,1877,Democratic,0.0,0.0,52508.0,64031.0,84170.0,60574.1,11.011622687959823
2158-2793,1878,2,1,11,14,0.14285714285714285,0,1,1,OHIO,1878,Democratic,0.0,0.0,52508.0,64031.0,84170.0,61726.4,11.030466995203634
2158-2793,1879,4,3,5,12,0.3333333333333333,0,0,1,OHIO,1879,Democratic,0.0,0.0,52508.0,64031.0,84170.0,62878.7,11.048962752589118
2158-2793,1880,2,5,24,31,0.06451612903225806,0,1,0,OHIO,1880,Democratic,0.0,0.0,52508.0,64031.0,84170.0,64031.0,11.067122620070107
2158-2793,1883,7,7,41,55,0.12727272727272726,0,1,1,OHIO,1883,Democratic,0.0,0.0,52508.0,64031.0,84170.0,70072.7,11.157288553517882
2158-9062,1873,0,1,0,1,0.0,0,1,1,KANSAS,1873,,,1.0,1095.0,18753.0,43626.0,6392.4,8.762865063710954
2158-9062,1877,2,0,3,5,0.4,0,1,1,KANSAS,1877,,,1.0,1095.0,18753.0,43626.0,13455.6,9.507150655254835
2158-9062,1878,1,0,2,3,0.3333333333333333,0,1,1,KANSAS,1878,,,1.0,1095.0,18753.0,43626.0,15221.4,9.630457611416661
2158-9062,1880,1,1,0,2,0.5,0,1,1,KANSAS,1880,,,1.0,1095.0,18753.0,43626.0,18753.0,9.839109018599922
2158-9062,1882,1,0,0,1,1.0,0,1,1,KANSAS,1882,,,1.0,1095.0,18753.0,43626.0,23727.6,10.074394206514784
2158-9062,1884,3,4,9,16,0.1875,0,1,1,KANSAS,1884,,,1.0,1095.0,18753.0,43626.0,28702.2,10.264729053862128
2158-9062,1885,10,4,8,22,0.45454545454545453,0,1,1,KANSAS,1885,,,1.0,1095.0,18753.0,43626.0,31189.5,10.347836778694258
2158-9062,1890,6,7,2,15,0.4,0,1,1,KANSAS,1890,,,1.0,1095.0,18753.0,43626.0,43626.0,10.683408581878112
2163-4424,1872,0,2,2,4,0.0,1,1,1,KANSAS,1872,Republican,1.0,1.0,32444.0,32355.0,38485.0,32426.2,10.386722016980958
2163-4424,1873,1,1,2,4,0.25,1,1,1,KANSAS,1873,Republican,1.0,1.0,32444.0,32355.0,38485.0,32417.3,10.386447509896797
2163-4424,1877,3,2,5,10,0.3,1,1,1,KANSAS,1877,Republican,1.0,1.0,32444.0,32355.0,38485.0,32381.7,10.38534872739763
2163-4424,1878,5,1,11,17,0.29411764705882354,1,1,1,KANSAS,1878,Republican,1.0,1.0,32444.0,32355.0,38485.0,32372.8,10.38507384302493
2163-4424,1879,3,2,3,8,0.375,1,1,1,KANSAS,1879,Republican,1.0,1.0,32444.0,32355.0,38485.0,32363.9,10.384798883070033
2163-4424,1880,0,1,0,1,0.0,1,1,1,KANSAS,1880,Republican,1.0,1.0,32444.0,32355.0,38485.0,32355.0,10.384523847491366
2165-9141,1880,1,0,0,1,1.0,0,1,1,ARIZONA,1880,,,1.0,5716.0,17006.0,12673.0,17006.0,9.741321501945738
2165-9141,1882,3,2,1,6,0.5,0,1,1,ARIZONA,1882,,,1.0,5716.0,17006.0,12673.0,16139.4,9.689018766411753
2165-9141,1883,13,4,6,23,0.5652173913043478,0,1,1,ARIZONA,1883,,,1.0,5716.0,17006.0,12673.0,15706.1,9.661804450908056
2165-9141,1890,10,18,3,31,0.3225806451612903,0,1,1,ARIZONA,1890,,,1.0,5716.0,17006.0,12673.0,12673.0,9.447229025082065
2166-1898,1869,2,8,6,16,0.125,0,1,1,,1869,,,0.0,76378.0,78430.0,112740.0,76378.0,11.24344997557153
2166-1898,1871,3,16,12,31,0.0967741935483871,0,1,1,,1871,,,0.0,76378.0,78430.0,112740.0,76583.2,11.246133010525456
2166-1898,1872,9,36,13,58,0.15517241379310345,0,1,1,,1872,,,0.0,76378.0,78430.0,112740.0,76788.4,11.248808866061156
2166-1898,1873,11,19,9,39,0.28205128205128205,0,1,1,,1873,,,0.0,76378.0,78430.0,112740.0,76993.6,11.251477580498305
2166-1898,1876,3,4,0,7,0.42857142857142855,0,1,1,,1876,,,0.0,76378.0,78430.0,112740.0,77609.2,11.25944125584505
2166-1898,1878,8,7,23,38,0.21052631578947367,0,1,1,,1878,,,0.0,76378.0,78430.0,112740.0,78019.6,11.264715356156964
2166-1898,1879,5,2,4,11,0.45454545454545453,0,1,1,,1879,,,0.0,76378.0,78430.0,112740.0,78224.8,11.267342011806425
2166-1898,1882,30,28,37,95,0.3157894736842105,0,1,1,,1882,,,0.0,76378.0,78430.0,112740.0,85292.0,11.353835942446125
2166-1898,1883,16,25,24,65,0.24615384615384617,0,1,1,,1883,,,0.0,76378.0,78430.0,112740.0,88723.0,11.39327443569963
2166-1898,1884,0,6,1,7,0.0,0,1,1,,1884,,,0.0,76378.0,78430.0,112740.0,92154.0,11.431216369643684
2166-1898,1885,16,24,13,53,0.3018867924528302,0,1,1,,1885,,,0.0,76378.0,78430.0,112740.0,95585.0,11.46777118296312
2166-5664,1869,2,1,0,3,0.6666666666666666,0,1,1,OHIO,1869,Democratic,0.0,1.0,38659.0,44880.0,42373.0,38659.0,10.562534885899066
2166-5664,1871,2,0,4,6,0.3333333333333333,0,1,1,OHIO,1871,Republican,1.0,1.0,38659.0,44880.0,42373.0,39281.1,10.578498766149615
2166-5664,1872,3,1,3,7,0.42857142857142855,0,1,1,OHIO,1872,Republican,1.0,1.0,38659.0,44880.0,42373.0,39903.2,10.59421180016332
2166-5958,1871,1,1,1,3,0.3333333333333333,0,0,1,TENNESSEE,1871,Republican,1.0,1.0,28990.0,39124.0,59557.0,30003.4,10.309065987555888
2166-5958,1872,0,4,14,18,0.0,0,0,1,TENNESSEE,1872,Republican,1.0,1.0,28990.0,39124.0,59557.0,31016.8,10.342284272157153
2166-5958,1873,6,7,10,23,0.2608695652173913,0,0,1,TENNESSEE,1873,Republican,1.0,1.0,28990.0,39124.0,59557.0,32030.2,10.374434486729822
2168-0116,1885,117,105,140,362,0.32320441988950277,1,1,1,MINNESOTA,1885,Democratic,0.0,0.0,23085.0,45890.0,139796.0,92843.0,11.438665173524205
2168-0116,1890,150,203,170,523,0.28680688336520077,1,1,1,MINNESOTA,1890,Democratic,0.0,1.0,23085.0,45890.0,139796.0,139796.0,11.847939496069216
2327-6568,1878,1,2,7,10,0.1,1,1,1,PENNSYLVANIA,1878,Republican,1.0,1.0,28226.0,33110.0,37317.0,32133.2,10.377645042544325
2327-6568,1879,0,0,3,3,0.0,1,1,1,PENNSYLVANIA,1879,Republican,1.0,1.0,28226.0,33110.0,37317.0,32621.6,10.392729924634892
2327-6568,1880,2,0,1,3,0.6666666666666666,1,1,0,PENNSYLVANIA,1880,Republican,1.0,1.0,28226.0,33110.0,37317.0,33110.0,10.407590630541291
2327-6568,1882,1,0,5,6,0.16666666666666666,1,1,1,PENNSYLVANIA,1882,Republican,1.0,1.0,28226.0,33110.0,37317.0,33951.4,10.432685369250018
2327-6568,1883,2,1,3,6,0.3333333333333333,1,1,1,PENNSYLVANIA,1883,Republican,1.0,1.0,28226.0,33110.0,37317.0,34372.1,10.445000467773697
2327-6568,1884,1,2,12,15,0.06666666666666667,1,1,1,PENNSYLVANIA,1884,Republican,1.0,1.0,28226.0,33110.0,37317.0,34792.8,10.457165747804797
2327-6568,1885,3,0,3,6,0.5,1,1,1,PENNSYLVANIA,1885,Republican,1.0,1.0,28226.0,33110.0,37317.0,35213.5,10.469184810787418
2327-6568,1890,0,0,1,1,0.0,1,1,1,PENNSYLVANIA,1890,Republican,1.0,1.0,28226.0,33110.0,37317.0,37317.0,10.527204265878074
2328-5990,1869,0,1,5,6,0.0,0,0,1,ILLINOIS,1869,Democratic,0.0,0.0,60792.0,70403.0,80798.0,60792.0,11.01521348034962
2328-5990,1871,0,0,2,2,0.0,0,0,1,ILLINOIS,1871,Democratic,0.0,0.0,60792.0,70403.0,80798.0,61753.1,11.030899455659274
2328-5990,1872,0,0,3,3,0.0,0,0,1,ILLINOIS,1872,Democratic,0.0,0.0,60792.0,70403.0,80798.0,62714.2,11.046343176258464
2328-5990,1873,1,0,4,5,0.2,0,0,1,ILLINOIS,1873,Democratic,0.0,0.0,60792.0,70403.0,80798.0,63675.3,11.061552011261766
2328-5990,1877,16,2,5,23,0.6956521739130435,0,0,1,ILLINOIS,1877,Democratic,0.0,0.0,60792.0,70403.0,80798.0,67519.7,11.120174686132005
2328-5990,1878,3,1,5,9,0.3333333333333333,0,0,1,ILLINOIS,1878,Democratic,0.0,0.0,60792.0,70403.0,80798.0,68480.8,11.134308692990377
2328-5990,1879,2,0,2,4,0.5,0,0,1,ILLINOIS,1879,Democratic,0.0,0.0,60792.0,70403.0,80798.0,69441.9,11.148245710711057
2328-5990,1880,0,2,5,7,0.0,0,0,1,ILLINOIS,1880,Democratic,0.0,0.0,60792.0,70403.0,80798.0,70403.0,11.161991154874562
2328-5990,1882,8,0,16,24,0.3333333333333333,0,0,1,ILLINOIS,1882,Democratic,0.0,0.0,60792.0,70403.0,80798.0,72482.0,11.191093534155144
2328-5990,1883,6,3,5,14,0.42857142857142855,0,0,1,ILLINOIS,1883,Democratic,0.0,0.0,60792.0,70403.0,80798.0,73521.5,11.205333159432973
2328-5990,1890,9,16,6,31,0.2903225806451613,0,0,1,ILLINOIS,1890,Democratic,0.0,0.0,60792.0,70403.0,80798.0,80798.0,11.299707491727592
2331-7728,1872,2,0,1,3,0.6666666666666666,1,1,1,VERMONT,1872,Republican,1.0,1.0,22235.0,23607.0,23436.0,22509.4,10.021688278725453
2331-7728,1873,2,0,1,3,0.6666666666666666,1,1,1,VERMONT,1873,Republican,1.0,1.0,22235.0,23607.0,23436.0,22646.6,10.027765009268213
2331-7728,1876,0,0,2,2,0.0,1,1,1,VERMONT,1876,Republican,1.0,1.0,22235.0,23607.0,23436.0,23058.2,10.045776733534447
2331-7728,1877,14,2,6,22,0.6363636363636364,1,1,1,VERMONT,1877,Republican,1.0,1.0,22235.0,23607.0,23436.0,23195.4,10.051709262133075
2331-7728,1878,1,0,2,3,0.3333333333333333,1,1,1,VERMONT,1878,Republican,1.0,1.0,22235.0,23607.0,23436.0,23332.6,10.05760680329807
2331-7728,1879,6,0,0,6,1.0,1,1,1,VERMONT,1879,Republican,1.0,1.0,22235.0,23607.0,23436.0,23469.8,10.06346976729193
2331-7728,1880,3,1,0,4,0.75,1,1,1,VERMONT,1880,Republican,1.0,1.0,22235.0,23607.0,23436.0,23607.0,10.069298557203092
2331-7728,1882,8,3,2,13,0.6153846153846154,1,1,1,VERMONT,1882,Republican,1.0,1.0,22235.0,23607.0,23436.0,23572.8,10.06784878395309
2331-7728,1883,6,1,1,8,0.75,1,1,1,VERMONT,1883,Independent,,1.0,22235.0,23607.0,23436.0,23555.7,10.0671231083746
2331-7728,1884,3,0,6,9,0.3333333333333333,1,1,1,VERMONT,1884,Republican,1.0,1.0,22235.0,23607.0,23436.0,23538.6,10.066396905808622
2331-7728,1885,7,0,2,9,0.7777777777777778,1,1,1,VERMONT,1885,Republican,1.0,1.0,22235.0,23607.0,23436.0,23521.5,10.065670175489196
2331-7728,1890,9,0,2,11,0.8181818181818182,1,1,1,VERMONT,1890,Republican,1.0,1.0,22235.0,23607.0,23436.0,23436.0,10.062028580664679
2331-9968,1869,11,38,31,80,0.1375,0,1,1,DISTRICT OF COLUMBIA,1869,Independent,,1.0,131700.0,177624.0,230392.0,131700.0,11.788281887731372
2331-9968,1871,24,28,18,70,0.34285714285714286,0,1,1,DISTRICT OF COLUMBIA,1871,Independent,,1.0,131700.0,177624.0,230392.0,136292.4,11.822557856775648
2331-9968,1872,33,66,30,129,0.2558139534883721,0,1,1,DISTRICT OF COLUMBIA,1872,Independent,,1.0,131700.0,177624.0,230392.0,140884.8,11.855697814139921
2331-9968,1873,20,31,11,62,0.3225806451612903,0,1,1,DISTRICT OF COLUMBIA,1873,Independent,,1.0,131700.0,177624.0,230392.0,145477.2,11.887774652283866
2331-9968,1877,70,39,32,141,0.49645390070921985,0,1,0,DISTRICT OF COLUMBIA,1877,Independent,,1.0,131700.0,177624.0,230392.0,163846.8,12.006687123878267
2331-9968,1878,24,41,48,113,0.21238938053097345,0,1,0,DISTRICT OF COLUMBIA,1878,Independent,,1.0,131700.0,177624.0,230392.0,168439.2,12.0343301327989
2331-9968,1879,12,45,21,78,0.15384615384615385,0,1,0,DISTRICT OF COLUMBIA,1879,Independent,,1.0,131700.0,177624.0,230392.0,173031.6,12.061229515759337
2331-9968,1880,10,16,9,35,0.2857142857142857,0,1,0,DISTRICT OF COLUMBIA,1880,Independent,,1.0,131700.0,177624.0,230392.0,177624.0,12.087424235545411
2331-9968,1882,45,55,24,124,0.3629032258064516,0,1,0,DISTRICT OF COLUMBIA,1882,Independent,,1.0,131700.0,177624.0,230392.0,188177.6,12.145141476733015
2331-9968,1883,47,60,37,144,0.3263888888888889,0,1,0,DISTRICT OF COLUMBIA,1883,Independent,,1.0,131700.0,177624.0,230392.0,193454.4,12.17279710476532
2331-9968,1884,11,35,23,69,0.15942028985507245,0,1,0,DISTRICT OF COLUMBIA,1884,Independent,,1.0,131700.0,177624.0,230392.0,198731.2,12.199708436847581
2331-9968,1885,28,37,19,84,0.3333333333333333,0,1,0,DISTRICT OF COLUMBIA,1885,Independent,,1.0,131700.0,177624.0,230392.0,204008.0,12.225914487743713
2331-9968,1890,82,117,44,243,0.3374485596707819,0,1,1,DISTRICT OF COLUMBIA,1890,Independent,,1.0,131700.0,177624.0,230392.0,230392.0,12.34753748497882
2332-0974,1884,21,35,85,141,0.14893617021276595,0,1,1,INDIANA,1884,Republican,1.0,1.0,71939.0,102782.0,141156.0,118131.6,11.679554536251079
2332-0974,1885,148,99,91,338,0.4378698224852071,0,1,1,INDIANA,1885,Republican,1.0,1.0,71939.0,102782.0,141156.0,121969.0,11.71152219306628
2332-0974,1890,11,19,6,36,0.3055555555555556,0,1,1,INDIANA,1890,Republican,1.0,1.0,71939.0,102782.0,141156.0,141156.0,11.857620940748442
2372-1375,1869,0,0,3,3,0.0,0,1,1,OHIO,1869,Democratic,0.0,0.0,24584.0,27500.0,27868.0,24584.0,10.109851103810321
2372-1375,1872,3,0,1,4,0.75,0,1,1,OHIO,1872,Democratic,0.0,0.0,24584.0,27500.0,27868.0,25167.2,10.133296838397438
2372-1375,1873,0,0,3,3,0.0,0,1,1,OHIO,1873,Democratic,0.0,0.0,24584.0,27500.0,27868.0,25458.8,10.144816738243348
2372-1375,1876,0,0,3,3,0.0,0,1,1,OHIO,1876,Democratic,0.0,0.0,24584.0,27500.0,27868.0,26333.6,10.178600969312054
2372-1375,1877,5,1,6,12,0.4166666666666667,0,1,1,OHIO,1877,Democratic,0.0,0.0,24584.0,27500.0,27868.0,26625.2,10.189613414720602
2372-1375,1878,3,0,2,5,0.6,0,1,1,OHIO,1878,Democratic,0.0,0.0,24584.0,27500.0,27868.0,26916.8,10.200505905964896
2372-1375,1879,1,1,4,6,0.16666666666666666,0,1,1,OHIO,1879,Democratic,0.0,0.0,24584.0,27500.0,27868.0,27208.4,10.21128102813733
2372-1375,1880,0,0,6,6,0.0,0,1,1,OHIO,1880,Democratic,0.0,0.0,24584.0,27500.0,27868.0,27500.0,10.221941283654663
2372-1375,1882,3,0,14,17,0.17647058823529413,0,1,1,OHIO,1882,Democratic,0.0,0.0,24584.0,27500.0,27868.0,27573.6,10.224614072207265
2372-1375,1883,0,1,12,13,0.0,0,1,1,OHIO,1883,Democratic,0.0,0.0,24584.0,27500.0,27868.0,27610.4,10.225947792323785
2372-1375,1884,1,0,12,13,0.07692307692307693,0,1,1,OHIO,1884,Democratic,0.0,0.0,24584.0,27500.0,27868.0,27647.2,10.227279735999966
2372-1375,1885,0,0,1,1,0.0,0,1,1,OHIO,1885,Democratic,0.0,0.0,24584.0,27500.0,27868.0,27684.0,10.228609907961754
2372-1375,1890,1,0,5,6,0.16666666666666666,0,1,1,OHIO,1890,Democratic,0.0,0.0,24584.0,27500.0,27868.0,27868.0,10.23523435615001
2374-7102,1877,9,3,9,21,0.42857142857142855,1,1,1,,1877,,,0.0,21809.0,24533.0,23421.0,23715.8,10.073896771666384
2374-7102,1878,1,3,5,9,0.1111111111111111,1,1,1,,1878,,,0.0,21809.0,24533.0,23421.0,23988.2,10.085317321755728
2374-7102,1879,6,3,5,14,0.42857142857142855,1,1,1,,1879,,,0.0,21809.0,24533.0,23421.0,24260.6,10.096608914261457
2374-7102,1880,3,2,2,7,0.42857142857142855,1,1,1,,1880,,,0.0,21809.0,24533.0,23421.0,24533.0,10.107774429000033
2374-7102,1882,0,1,6,7,0.0,1,1,1,,1882,,,0.0,21809.0,24533.0,23421.0,24310.6,10.098667748206745
2374-7102,1883,3,4,3,10,0.3,1,1,1,,1883,,,0.0,21809.0,24533.0,23421.0,24199.4,10.094083118448987
2374-7102,1884,4,2,11,17,0.23529411764705882,1,1,1,,1884,,,0.0,21809.0,24533.0,23421.0,24088.2,10.089477373016507
2374-7102,1885,8,2,8,18,0.4444444444444444,1,1,1,,1885,,,0.0,21809.0,24533.0,23421.0,23977.0,10.08485031650177
2375-4281,1882,12,5,7,24,0.5,0,1,1,MICHIGAN,1882,Republican,1.0,1.0,20858.0,27059.0,30952.0,27837.6,10.234142903835776
2375-4281,1883,7,13,1,21,0.3333333333333333,0,1,1,MICHIGAN,1883,Republican,1.0,1.0,20858.0,27059.0,30952.0,28226.9,10.248030702961263
2375-4281,1884,3,9,10,22,0.13636363636363635,0,1,1,MICHIGAN,1884,Republican,1.0,1.0,20858.0,27059.0,30952.0,28616.2,10.261728270011439
2375-4281,1885,1,5,1,7,0.14285714285714285,0,1,1,MICHIGAN,1885,Republican,1.0,1.0,20858.0,27059.0,30952.0,29005.5,10.275240746158756
2375-4281,1890,14,15,12,41,0.34146341463414637,0,1,1,MICHIGAN,1890,Republican,1.0,1.0,20858.0,27059.0,30952.0,30952.0,10.34019289638035
2376-8274,1869,1,0,1,2,0.5,1,0,1,VERMONT,1869,Republican,1.0,1.0,26520.0,25404.0,29606.0,26520.0,10.185654444299798
2471-6340,1871,3,0,13,16,0.1875,0,1,0,,1871,,,1.0,131700.0,177624.0,230392.0,136292.4,11.822557856775648
2471-6340,1872,2,0,11,13,0.15384615384615385,0,1,0,,1872,,,1.0,131700.0,177624.0,230392.0,140884.8,11.855697814139921
2471-6340,1873,2,0,3,5,0.4,0,1,0,,1873,,,1.0,131700.0,177624.0,230392.0,145477.2,11.887774652283866
2474-3224,1871,41,44,63,148,0.27702702702702703,1,0,1,NEW YORK,1871,Independent,,,942292.0,1206299.0,1515301.0,968692.7,13.783702709513262
2474-3224,1872,93,71,77,241,0.38589211618257263,1,0,1,NEW YORK,1872,Independent,,,942292.0,1206299.0,1515301.0,995093.4,13.810591881082011
2474-3224,1873,46,42,70,158,0.2911392405063291,1,0,1,NEW YORK,1873,Independent,,,942292.0,1206299.0,1515301.0,1021494.1,13.836776917403261
2474-3224,1876,27,20,33,80,0.3375,1,0,1,NEW YORK,1876,Independent,,,942292.0,1206299.0,1515301.0,1100696.2,13.911453446657019
2474-3224,1878,47,38,40,125,0.376,1,0,1,NEW YORK,1878,Independent,,,942292.0,1206299.0,1515301.0,1153497.6,13.958309275969594
2474-3224,1879,21,37,23,81,0.25925925925925924,1,0,1,NEW YORK,1879,Independent,,,942292.0,1206299.0,1515301.0,1179898.3,13.980938806286904
2474-3291,1871,0,1,0,1,0.0,0,1,1,MARYLAND,1871,Democratic,0.0,0.0,28619.0,30992.0,32376.0,28856.3,10.270083618980676
2474-3291,1872,1,1,0,2,0.5,0,1,1,MARYLAND,1872,Democratic,0.0,0.0,28619.0,30992.0,32376.0,29093.6,10.278273497699677
2474-3291,1873,3,3,1,7,0.42857142857142855,0,1,1,MARYLAND,1873,Democratic,0.0,0.0,28619.0,30992.0,32376.0,29330.9,10.28639684680586
2474-3291,1876,0,1,0,1,0.0,0,1,1,MARYLAND,1876,Democratic,0.0,0.0,28619.0,30992.0,32376.0,30042.8,10.310378310588971
2474-3291,1877,11,4,4,19,0.5789473684210527,0,1,1,MARYLAND,1877,Democratic,0.0,0.0,28619.0,30992.0,32376.0,30280.1,10.318246010055839
2474-3291,1878,1,6,2,9,0.1111111111111111,0,1,1,MARYLAND,1878,Democratic,0.0,0.0,28619.0,30992.0,32376.0,30517.4,10.326052291730198
2474-3291,1879,2,2,0,4,0.5,0,1,1,MARYLAND,1879,Democratic,0.0,0.0,28619.0,30992.0,32376.0,30754.7,10.333798107083432
2474-3291,1880,1,1,1,3,0.3333333333333333,0,1,1,MARYLAND,1880,Democratic,0.0,0.0,28619.0,30992.0,32376.0,30992.0,10.341484385646778
2474-3291,1882,2,5,1,8,0.25,0,1,1,MARYLAND,1882,Democratic,0.0,0.0,28619.0,30992.0,32376.0,31268.8,10.350376074275813
2474-3291,1883,2,3,2,7,0.2857142857142857,0,1,1,MARYLAND,1883,Democratic,0.0,0.0,28619.0,30992.0,32376.0,31407.2,10.35479244497432
2474-3291,1884,2,2,8,12,0.16666666666666666,0,1,1,MARYLAND,1884,Democratic,0.0,0.0,28619.0,30992.0,32376.0,31545.6,10.359189397071004
2474-3291,1885,9,1,2,12,0.75,0,1,1,MARYLAND,1885,Democratic,0.0,0.0,28619.0,30992.0,32376.0,31684.0,10.36356710058417
2476-2725,1878,1,2,3,6,0.16666666666666666,0,0,1,DELAWARE,1878,Republican,1.0,1.0,63515.0,77716.0,97182.0,74875.8,11.223586019834796
2476-2725,1879,7,8,6,21,0.3333333333333333,0,0,1,DELAWARE,1879,Republican,1.0,1.0,63515.0,77716.0,97182.0,76295.9,11.242374480573188
2476-2725,1880,8,12,32,52,0.15384615384615385,0,0,1,DELAWARE,1880,Republican,1.0,1.0,63515.0,77716.0,97182.0,77716.0,11.260816435363003
2476-2725,1882,17,44,26,87,0.19540229885057472,0,0,1,DELAWARE,1882,Republican,1.0,1.0,63515.0,77716.0,97182.0,81609.2,11.309697279694987
2476-2725,1883,14,35,16,65,0.2153846153846154,0,0,1,DELAWARE,1883,Republican,1.0,1.0,63515.0,77716.0,97182.0,83555.8,11.333269951123393
2476-2725,1884,5,26,33,64,0.078125,0,0,1,DELAWARE,1884,Republican,1.0,1.0,63515.0,77716.0,97182.0,85502.4,11.35629972470633
2476-2725,1885,17,21,18,56,0.30357142857142855,0,0,1,DELAWARE,1885,Republican,1.0,1.0,63515.0,77716.0,97182.0,87449.0,11.378811045275592
2476-2725,1890,0,5,0,5,0.0,0,0,1,DELAWARE,1890,Republican,1.0,1.0,63515.0,77716.0,97182.0,97182.0,11.484340788114451
2572-5904,1882,1,3,0,4,0.25,0,1,0,WISCONSIN,1882,Republican,1.0,,3912.0,8981.0,18127.0,10810.2,9.28824541184971
2572-5904,1883,11,3,1,15,0.7333333333333333,0,1,0,WISCONSIN,1883,Republican,1.0,,3912.0,8981.0,18127.0,11724.8,9.3694615355997
2572-5904,1884,4,2,3,9,0.4444444444444444,0,1,0,WISCONSIN,1884,Republican,1.0,,3912.0,8981.0,18127.0,12639.4,9.44457419821976
2572-5904,1885,4,6,1,11,0.36363636363636365,0,1,0,WISCONSIN,1885,Republican,1.0,,3912.0,8981.0,18127.0,13554.0,9.514436985696058
2572-5904,1890,23,28,11,62,0.3709677419354839,0,1,0,WISCONSIN,1890,Republican,1.0,,3912.0,8981.0,18127.0,18127.0,9.805157818462918
2572-6943,1880,10,13,24,47,0.2127659574468085,1,1,0,CONNECTICUT,1880,Republican,1.0,1.0,121257.0,156523.0,209058.0,156523.0,11.960958243020299
2572-6943,1882,24,13,11,48,0.5,1,1,0,CONNECTICUT,1882,Republican,1.0,1.0,121257.0,156523.0,209058.0,167030.0,12.025928715983992
2572-6943,1883,20,19,17,56,0.35714285714285715,1,1,0,CONNECTICUT,1883,Republican,1.0,1.0,121257.0,156523.0,209058.0,172283.5,12.056896654726717
2572-6943,1884,21,15,26,62,0.3387096774193548,1,1,0,CONNECTICUT,1884,Republican,1.0,1.0,121257.0,156523.0,209058.0,177537.0,12.086934316879004
2572-6943,1885,29,26,25,80,0.3625,1,1,0,CONNECTICUT,1885,Republican,1.0,1.0,121257.0,156523.0,209058.0,182790.5,12.116095967286306
2572-6943,1890,33,17,12,62,0.532258064516129,1,1,0,CONNECTICUT,1890,Republican,1.0,1.0,121257.0,156523.0,209058.0,209058.0,12.250367004409348
2574-6928,1869,1,0,1,2,0.5,1,1,1,DELAWARE,1869,,,1.0,63515.0,77716.0,97182.0,63515.0,11.059031377457561
2575-1271,1882,3,6,2,11,0.2727272727272727,0,1,0,ALABAMA,1882,Republican,1.0,1.0,31267.0,37625.0,38119.0,37723.8,10.538046473984998
2575-1271,1883,1,8,0,9,0.1111111111111111,0,1,0,ALABAMA,1883,Republican,1.0,1.0,31267.0,37625.0,38119.0,37773.2,10.539355135443074
2575-1271,1884,1,5,5,11,0.09090909090909091,0,1,0,ALABAMA,1884,Republican,1.0,1.0,31267.0,37625.0,38119.0,37822.6,10.540662086544373
2575-1271,1885,3,15,1,19,0.15789473684210525,0,1,0,ALABAMA,1885,Republican,1.0,1.0,31267.0,37625.0,38119.0,37872.0,10.541967331753765
2575-1271,1890,9,22,6,37,0.24324324324324326,0,1,1,ALABAMA,1890,Republican,1.0,1.0,31267.0,37625.0,38119.0,38119.0,10.548468124475464
2576-5604,1882,2,4,1,7,0.2857142857142857,0,1,1,WISCONSIN,1882,Republican,1.0,1.0,34040.0,32156.0,33530.0,32430.8,10.386863867513906
2576-5604,1883,2,1,1,4,0.5,0,1,1,WISCONSIN,1883,Republican,1.0,1.0,34040.0,32156.0,33530.0,32568.2,10.391091631161258
2576-5604,1884,0,2,6,8,0.0,0,1,1,WISCONSIN,1884,Republican,1.0,1.0,34040.0,32156.0,33530.0,32705.6,10.395301596045712
2576-5604,1885,9,4,4,17,0.5294117647058824,0,1,0,WISCONSIN,1885,Republican,1.0,1.0,34040.0,32156.0,33530.0,32843.0,10.399493911403768
2576-5604,1890,14,11,3,28,0.5,0,1,0,WISCONSIN,1890,Republican,1.0,1.0,34040.0,32156.0,33530.0,33530.0,10.420195839460273
2576-568X,1876,1,1,0,2,0.5,0,1,1,WISCONSIN,1876,Neutral,,,1122.0,655.0,13468.0,841.8,6.7355424563364705
2576-6139,1869,3,12,2,17,0.17647058823529413,1,1,0,,1869,,,0.0,28831.0,37457.0,41557.0,28831.0,10.269206476121777
2576-6139,1871,11,18,15,44,0.25,1,1,0,,1871,,,0.0,28831.0,37457.0,41557.0,29693.6,10.298686813354381
2576-6139,1872,15,59,13,87,0.1724137931034483,1,1,0,,1872,,,0.0,28831.0,37457.0,41557.0,30556.2,10.32732288999917
2576-6139,1873,13,10,4,27,0.48148148148148145,1,1,0,,1873,,,0.0,28831.0,37457.0,41557.0,31418.8,10.355161718846025
2576-6139,1876,4,4,11,19,0.21052631578947367,1,1,0,,1876,,,0.0,28831.0,37457.0,41557.0,34006.6,10.434309902406964
2576-6139,1877,62,33,33,128,0.484375,1,1,0,,1877,,,0.0,28831.0,37457.0,41557.0,34869.2,10.45935919704919
2576-6139,1878,7,14,19,40,0.175,1,1,0,,1878,,,0.0,28831.0,37457.0,41557.0,35731.8,10.483796327582288
2577-4166,1869,1,1,1,3,0.3333333333333333,1,1,1,,1869,,,1.0,22346.0,25285.0,30426.0,22346.0,10.014402613107283
2577-4166,1872,1,0,0,1,1.0,1,1,1,,1872,,,1.0,22346.0,25285.0,30426.0,22933.8,10.040367083883499
2577-6754,1880,16,18,43,77,0.2077922077922078,1,1,0,WEST VIRGINIA,1880,Democratic,0.0,0.0,28831.0,37457.0,41557.0,37457.0,10.530948887366618
2577-6754,1882,91,72,54,217,0.41935483870967744,1,1,0,WEST VIRGINIA,1882,Democratic,0.0,0.0,28831.0,37457.0,41557.0,38277.0,10.552604472589852
2577-6754,1883,54,49,39,142,0.38028169014084506,1,1,0,WEST VIRGINIA,1883,Democratic,0.0,0.0,28831.0,37457.0,41557.0,38687.0,10.563258905272352
2577-6754,1884,15,36,65,116,0.12931034482758622,1,1,0,WEST VIRGINIA,1884,Democratic,0.0,0.0,28831.0,37457.0,41557.0,39097.0,10.57380101668713
2639-6327,1869,0,0,1,1,0.0,0,1,1,IOWA,1869,,,0.0,6282.0,10837.0,11182.0,6282.0,8.745443680098592
2639-6327,1873,0,0,1,1,0.0,0,1,1,IOWA,1873,,,0.0,6282.0,10837.0,11182.0,7648.5,8.94226482916332
2639-6327,1876,1,0,0,1,1.0,0,1,1,IOWA,1876,,,0.0,6282.0,10837.0,11182.0,9015.0,9.106645135637418
2639-6327,1877,4,0,2,6,0.6666666666666666,0,1,1,IOWA,1877,,,0.0,6282.0,10837.0,11182.0,9470.5,9.155936983096796
2639-6327,1878,1,2,0,3,0.3333333333333333,0,1,1,IOWA,1878,,,0.0,6282.0,10837.0,11182.0,9926.0,9.202912856147385
2639-6327,1879,0,1,0,1,0.0,0,1,1,IOWA,1879,,,0.0,6282.0,10837.0,11182.0,10381.5,9.247780654950027
2639-6327,1880,0,0,1,1,0.0,0,1,1,IOWA,1880,,,0.0,6282.0,10837.0,11182.0,10837.0,9.290721483922995
2639-6327,1882,4,1,19,24,0.16666666666666666,0,1,1,IOWA,1882,,,0.0,6282.0,10837.0,11182.0,10906.0,9.297068375486006
2639-6327,1883,2,5,8,15,0.13333333333333333,0,1,1,IOWA,1883,,,0.0,6282.0,10837.0,11182.0,10940.5,9.300226778770707
2639-6327,1884,2,1,25,28,0.07142857142857142,0,1,1,IOWA,1884,,,0.0,6282.0,10837.0,11182.0,10975.0,9.303375237943373
2639-6327,1885,6,3,14,23,0.2608695652173913,0,1,1,IOWA,1885,,,0.0,6282.0,10837.0,11182.0,11009.5,9.30651381542484
2639-6327,1890,4,7,4,15,0.26666666666666666,0,1,1,IOWA,1890,,,0.0,6282.0,10837.0,11182.0,11182.0,9.32206062158659
2640-5164,1882,13,7,8,28,0.4642857142857143,1,1,0,WEST VIRGINIA,1882,,,0.0,,,,,
2640-5164,1883,8,18,11,37,0.21621621621621623,1,1,0,WEST VIRGINIA,1883,,,0.0,,,,,
2640-5164,1884,6,9,8,23,0.2608695652173913,1,1,0,WEST VIRGINIA,1884,,,0.0,,,,,
2641-0028,1873,7,7,4,18,0.3888888888888889,0,1,1,NEVADA,1873,Republican,1.0,,11359.0,16115.0,8806.0,12785.8,9.456090459095776
2641-0028,1876,2,1,1,4,0.5,0,1,1,NEVADA,1876,Republican,1.0,,11359.0,16115.0,8806.0,14212.6,9.561884174093844
2641-0028,1877,18,4,13,35,0.5142857142857142,0,1,1,NEVADA,1877,Republican,1.0,,11359.0,16115.0,8806.0,14688.2,9.5947997293253
2641-0028,1878,2,8,8,18,0.1111111111111111,0,1,1,NEVADA,1878,Republican,1.0,,11359.0,16115.0,8806.0,15163.8,9.626666287417093
2641-0028,1879,4,9,4,17,0.23529411764705882,0,1,0,NEVADA,1879,Republican,1.0,,11359.0,16115.0,8806.0,15639.4,9.65754865019206
2641-0028,1880,3,4,3,10,0.3,0,1,0,NEVADA,1880,Republican,1.0,,11359.0,16115.0,8806.0,16115.0,9.687505794249539
2641-0028,1882,2,2,0,4,0.5,0,1,0,NEVADA,1882,Republican,1.0,,11359.0,16115.0,8806.0,14653.2,9.592414020626977
2643-6574,1873,1,1,0,2,0.5,1,0,1,IOWA,1873,Republican,1.0,1.0,22346.0,25285.0,30426.0,23227.7,10.053100810961661
2643-6574,1877,28,11,12,51,0.5490196078431373,1,1,1,IOWA,1877,Republican,1.0,1.0,22346.0,25285.0,30426.0,24403.3,10.10247364803803
2643-6574,1878,3,2,6,11,0.2727272727272727,1,1,1,IOWA,1878,Republican,1.0,1.0,22346.0,25285.0,30426.0,24697.2,10.114445155866415
2643-7473,1869,0,2,0,2,0.0,0,1,1,,1869,,,,24436.0,25111.0,23058.0,24436.0,10.103812733769658
2643-7473,1871,2,5,0,7,0.2857142857142857,0,1,1,,1871,,,,24436.0,25111.0,23058.0,24503.5,10.106571243472565
2643-7473,1873,0,3,1,4,0.0,0,1,1,,1873,,,,24436.0,25111.0,23058.0,24638.5,10.112065539171022
2693-5732,1882,49,21,46,116,0.4224137931034483,1,0,1,GEORGIA,1882,Democratic,0.0,0.0,41279.0,45023.0,57740.0,47566.4,10.76988190861432
2693-5732,1883,51,59,33,143,0.35664335664335667,1,0,1,GEORGIA,1883,Democratic,0.0,0.0,41279.0,45023.0,57740.0,48838.1,10.796266024929015
2693-5732,1884,36,71,48,155,0.23225806451612904,1,0,1,GEORGIA,1884,Democratic,0.0,0.0,41279.0,45023.0,57740.0,50109.8,10.821971876726488
2693-5732,1885,69,59,26,154,0.44805194805194803,1,0,1,GEORGIA,1885,Democratic,0.0,0.0,41279.0,45023.0,57740.0,51381.5,10.847033464476734
2693-5767,1890,129,128,37,294,0.4387755102040816,1,0,1,GEORGIA,1890,,,0.0,,,,,
2694-3352,1876,0,0,10,10,0.0,1,1,1,,1876,,,0.0,23085.0,45890.0,139796.0,36768.0,10.512383180648483
2694-3352,1877,12,15,37,64,0.1875,1,1,1,,1877,,,0.0,23085.0,45890.0,139796.0,39048.5,10.572559742238127
2694-3352,1878,11,2,41,54,0.2037037037037037,1,1,1,,1878,,,0.0,23085.0,45890.0,139796.0,41329.0,10.629319711713425
